Method,Job,AnalyzeLaunchVariance,EvaluateOverhead,MaxAbsoluteError,MaxRelativeError,MinInvokeCount,MinIterationTime,OutlierMode,Affinity,EnvironmentVariables,Jit,LargeAddressAware,Platform,PowerPlanMode,Runtime,AllowVeryLargeObjects,Concurrent,CpuGroups,Force,HeapAffinitizeMask,HeapCount,NoAffinitize,RetainVm,Server,Arguments,BuildConfiguration,Clock,EngineFactory,NuGetReferences,Toolchain,IsMutator,InvocationCount,IterationCount,IterationTime,LaunchCount,MaxIterationCount,MaxWarmupIterationCount,MemoryRandomization,MinIterationCount,MinWarmupIterationCount,RunStrategy,UnrollFactor,WarmupCount,Dist,N,Mean,Error,StdDev,P90,Ratio,RatioSD,Allocated,Alloc Ratio
ArraySort_Generic,Job-NLLXEQ,False,Default,Default,Default,Default,Default,Default,11111111111111111111111111111111,Empty,RyuJit,Default,X64,8c5e7fda-e8bf-4a96-9a85-a6e23a8c635c,.NET 10.0,False,True,False,False,Default,Default,False,False,False,Default,Default,Default,Default,Default,Default,Default,Default,Default,Default,Default,Default,Default,Default,Default,Default,Default,16,Default,Random,1000,"20,748.1 ns",408.91 ns,648.57 ns,"21,495.5 ns",1.00,0.04,0 B,NA
Ipnsort,Job-NLLXEQ,False,Default,Default,Default,Default,Default,Default,11111111111111111111111111111111,Empty,RyuJit,Default,X64,8c5e7fda-e8bf-4a96-9a85-a6e23a8c635c,.NET 10.0,False,True,False,False,Default,Default,False,False,False,Default,Default,Default,Default,Default,Default,Default,Default,Default,Default,Default,Default,Default,Default,Default,Default,Default,16,Default,Random,1000,"8,164.3 ns",66.22 ns,58.70 ns,"8,247.2 ns",0.39,0.01,0 B,NA
ArraySort_Generic,Job-NLLXEQ,False,Default,Default,Default,Default,Default,Default,11111111111111111111111111111111,Empty,RyuJit,Default,X64,8c5e7fda-e8bf-4a96-9a85-a6e23a8c635c,.NET 10.0,False,True,False,False,Default,Default,False,False,False,Default,Default,Default,Default,Default,Default,Default,Default,Default,Default,Default,Default,Default,Default,Default,Default,Default,16,Default,Random,100000,"3,358,610.5 ns","8,577.76 ns","6,696.95 ns","3,364,686.2 ns",1.00,0.00,0 B,NA
Ipnsort,Job-NLLXEQ,False,Default,Default,Default,Default,Default,Default,11111111111111111111111111111111,Empty,RyuJit,Default,X64,8c5e7fda-e8bf-4a96-9a85-a6e23a8c635c,.NET 10.0,False,True,False,False,Default,Default,False,False,False,Default,Default,Default,Default,Default,Default,Default,Default,Default,Default,Default,Default,Default,Default,Default,Default,Default,16,Default,Random,100000,"1,311,119.1 ns","1,384.14 ns","1,227.00 ns","1,312,866.3 ns",0.39,0.00,0 B,NA
ArraySort_Generic,Job-NLLXEQ,False,Default,Default,Default,Default,Default,Default,11111111111111111111111111111111,Empty,RyuJit,Default,X64,8c5e7fda-e8bf-4a96-9a85-a6e23a8c635c,.NET 10.0,False,True,False,False,Default,Default,False,False,False,Default,Default,Default,Default,Default,Default,Default,Default,Default,Default,Default,Default,Default,Default,Default,Default,Default,16,Default,Ascending,1000,"2,244.0 ns",8.54 ns,7.57 ns,"2,253.5 ns",1.00,0.00,0 B,NA
Ipnsort,Job-NLLXEQ,False,Default,Default,Default,Default,Default,Default,11111111111111111111111111111111,Empty,RyuJit,Default,X64,8c5e7fda-e8bf-4a96-9a85-a6e23a8c635c,.NET 10.0,False,True,False,False,Default,Default,False,False,False,Default,Default,Default,Default,Default,Default,Default,Default,Default,Default,Default,Default,Default,Default,Default,Default,Default,16,Default,Ascending,1000,230.8 ns,0.36 ns,0.30 ns,231.3 ns,0.10,0.00,0 B,NA
ArraySort_Generic,Job-NLLXEQ,False,Default,Default,Default,Default,Default,Default,11111111111111111111111111111111,Empty,RyuJit,Default,X64,8c5e7fda-e8bf-4a96-9a85-a6e23a8c635c,.NET 10.0,False,True,False,False,Default,Default,False,False,False,Default,Default,Default,Default,Default,Default,Default,Default,Default,Default,Default,Default,Default,Default,Default,Default,Default,16,Default,Ascending,100000,"372,819.6 ns","2,083.78 ns","1,949.17 ns","374,772.6 ns",1.00,0.01,0 B,NA
Ipnsort,Job-NLLXEQ,False,Default,Default,Default,Default,Default,Default,11111111111111111111111111111111,Empty,RyuJit,Default,X64,8c5e7fda-e8bf-4a96-9a85-a6e23a8c635c,.NET 10.0,False,True,False,False,Default,Default,False,False,False,Default,Default,Default,Default,Default,Default,Default,Default,Default,Default,Default,Default,Default,Default,Default,Default,Default,16,Default,Ascending,100000,"31,266.3 ns",147.09 ns,122.82 ns,"31,417.6 ns",0.08,0.00,0 B,NA
ArraySort_Generic,Job-NLLXEQ,False,Default,Default,Default,Default,Default,Default,11111111111111111111111111111111,Empty,RyuJit,Default,X64,8c5e7fda-e8bf-4a96-9a85-a6e23a8c635c,.NET 10.0,False,True,False,False,Default,Default,False,False,False,Default,Default,Default,Default,Default,Default,Default,Default,Default,Default,Default,Default,Default,Default,Default,Default,Default,16,Default,Descending,1000,"4,416.7 ns",10.53 ns,9.85 ns,"4,425.6 ns",1.00,0.00,0 B,NA
Ipnsort,Job-NLLXEQ,False,Default,Default,Default,Default,Default,Default,11111111111111111111111111111111,Empty,RyuJit,Default,X64,8c5e7fda-e8bf-4a96-9a85-a6e23a8c635c,.NET 10.0,False,True,False,False,Default,Default,False,False,False,Default,Default,Default,Default,Default,Default,Default,Default,Default,Default,Default,Default,Default,Default,Default,Default,Default,16,Default,Descending,1000,259.1 ns,5.14 ns,5.28 ns,267.2 ns,0.06,0.00,0 B,NA
ArraySort_Generic,Job-NLLXEQ,False,Default,Default,Default,Default,Default,Default,11111111111111111111111111111111,Empty,RyuJit,Default,X64,8c5e7fda-e8bf-4a96-9a85-a6e23a8c635c,.NET 10.0,False,True,False,False,Default,Default,False,False,False,Default,Default,Default,Default,Default,Default,Default,Default,Default,Default,Default,Default,Default,Default,Default,Default,Default,16,Default,Descending,100000,"645,349.5 ns","2,327.40 ns","2,177.05 ns","648,009.7 ns",1.00,0.00,0 B,NA
Ipnsort,Job-NLLXEQ,False,Default,Default,Default,Default,Default,Default,11111111111111111111111111111111,Empty,RyuJit,Default,X64,8c5e7fda-e8bf-4a96-9a85-a6e23a8c635c,.NET 10.0,False,True,False,False,Default,Default,False,False,False,Default,Default,Default,Default,Default,Default,Default,Default,Default,Default,Default,Default,Default,Default,Default,Default,Default,16,Default,Descending,100000,"35,361.0 ns",281.51 ns,235.08 ns,"35,613.3 ns",0.05,0.00,0 B,NA
ArraySort_Generic,Job-NLLXEQ,False,Default,Default,Default,Default,Default,Default,11111111111111111111111111111111,Empty,RyuJit,Default,X64,8c5e7fda-e8bf-4a96-9a85-a6e23a8c635c,.NET 10.0,False,True,False,False,Default,Default,False,False,False,Default,Default,Default,Default,Default,Default,Default,Default,Default,Default,Default,Default,Default,Default,Default,Default,Default,16,Default,Sawtooth,1000,"14,337.6 ns",15.99 ns,13.36 ns,"14,351.8 ns",1.00,0.00,0 B,NA
Ipnsort,Job-NLLXEQ,False,Default,Default,Default,Default,Default,Default,11111111111111111111111111111111,Empty,RyuJit,Default,X64,8c5e7fda-e8bf-4a96-9a85-a6e23a8c635c,.NET 10.0,False,True,False,False,Default,Default,False,False,False,Default,Default,Default,Default,Default,Default,Default,Default,Default,Default,Default,Default,Default,Default,Default,Default,Default,16,Default,Sawtooth,1000,"7,909.4 ns",4.08 ns,3.62 ns,"7,913.9 ns",0.55,0.00,0 B,NA
ArraySort_Generic,Job-NLLXEQ,False,Default,Default,Default,Default,Default,Default,11111111111111111111111111111111,Empty,RyuJit,Default,X64,8c5e7fda-e8bf-4a96-9a85-a6e23a8c635c,.NET 10.0,False,True,False,False,Default,Default,False,False,False,Default,Default,Default,Default,Default,Default,Default,Default,Default,Default,Default,Default,Default,Default,Default,Default,Default,16,Default,Sawtooth,100000,"1,758,581.1 ns","1,920.00 ns","1,795.97 ns","1,761,103.8 ns",1.00,0.00,0 B,NA
Ipnsort,Job-NLLXEQ,False,Default,Default,Default,Default,Default,Default,11111111111111111111111111111111,Empty,RyuJit,Default,X64,8c5e7fda-e8bf-4a96-9a85-a6e23a8c635c,.NET 10.0,False,True,False,False,Default,Default,False,False,False,Default,Default,Default,Default,Default,Default,Default,Default,Default,Default,Default,Default,Default,Default,Default,Default,Default,16,Default,Sawtooth,100000,"1,295,106.5 ns",804.77 ns,672.02 ns,"1,295,578.1 ns",0.74,0.00,0 B,NA
ArraySort_Generic,Job-NLLXEQ,False,Default,Default,Default,Default,Default,Default,11111111111111111111111111111111,Empty,RyuJit,Default,X64,8c5e7fda-e8bf-4a96-9a85-a6e23a8c635c,.NET 10.0,False,True,False,False,Default,Default,False,False,False,Default,Default,Default,Default,Default,Default,Default,Default,Default,Default,Default,Default,Default,Default,Default,Default,Default,16,Default,OrganPipe,1000,"14,157.0 ns",11.66 ns,9.10 ns,"14,168.3 ns",1.00,0.00,0 B,NA
Ipnsort,Job-NLLXEQ,False,Default,Default,Default,Default,Default,Default,11111111111111111111111111111111,Empty,RyuJit,Default,X64,8c5e7fda-e8bf-4a96-9a85-a6e23a8c635c,.NET 10.0,False,True,False,False,Default,Default,False,False,False,Default,Default,Default,Default,Default,Default,Default,Default,Default,Default,Default,Default,Default,Default,Default,Default,Default,16,Default,OrganPipe,1000,"7,536.4 ns",6.32 ns,5.61 ns,"7,541.5 ns",0.53,0.00,0 B,NA
ArraySort_Generic,Job-NLLXEQ,False,Default,Default,Default,Default,Default,Default,11111111111111111111111111111111,Empty,RyuJit,Default,X64,8c5e7fda-e8bf-4a96-9a85-a6e23a8c635c,.NET 10.0,False,True,False,False,Default,Default,False,False,False,Default,Default,Default,Default,Default,Default,Default,Default,Default,Default,Default,Default,Default,Default,Default,Default,Default,16,Default,OrganPipe,100000,"3,233,677.6 ns","15,008.85 ns","11,717.92 ns","3,241,341.6 ns",1.00,0.00,0 B,NA
Ipnsort,Job-NLLXEQ,False,Default,Default,Default,Default,Default,Default,11111111111111111111111111111111,Empty,RyuJit,Default,X64,8c5e7fda-e8bf-4a96-9a85-a6e23a8c635c,.NET 10.0,False,True,False,False,Default,Default,False,False,False,Default,Default,Default,Default,Default,Default,Default,Default,Default,Default,Default,Default,Default,Default,Default,Default,Default,16,Default,OrganPipe,100000,"1,365,140.2 ns","3,219.62 ns","2,688.53 ns","1,368,060.7 ns",0.42,0.00,0 B,NA
ArraySort_Generic,Job-NLLXEQ,False,Default,Default,Default,Default,Default,Default,11111111111111111111111111111111,Empty,RyuJit,Default,X64,8c5e7fda-e8bf-4a96-9a85-a6e23a8c635c,.NET 10.0,False,True,False,False,Default,Default,False,False,False,Default,Default,Default,Default,Default,Default,Default,Default,Default,Default,Default,Default,Default,Default,Default,Default,Default,16,Default,RandomD20,1000,"13,737.3 ns",22.15 ns,17.29 ns,"13,762.0 ns",1.00,0.00,0 B,NA
Ipnsort,Job-NLLXEQ,False,Default,Default,Default,Default,Default,Default,11111111111111111111111111111111,Empty,RyuJit,Default,X64,8c5e7fda-e8bf-4a96-9a85-a6e23a8c635c,.NET 10.0,False,True,False,False,Default,Default,False,False,False,Default,Default,Default,Default,Default,Default,Default,Default,Default,Default,Default,Default,Default,Default,Default,Default,Default,16,Default,RandomD20,1000,"4,639.7 ns",2.10 ns,1.76 ns,"4,641.2 ns",0.34,0.00,0 B,NA
ArraySort_Generic,Job-NLLXEQ,False,Default,Default,Default,Default,Default,Default,11111111111111111111111111111111,Empty,RyuJit,Default,X64,8c5e7fda-e8bf-4a96-9a85-a6e23a8c635c,.NET 10.0,False,True,False,False,Default,Default,False,False,False,Default,Default,Default,Default,Default,Default,Default,Default,Default,Default,Default,Default,Default,Default,Default,Default,Default,16,Default,RandomD20,100000,"1,462,940.3 ns","19,413.89 ns","16,211.47 ns","1,489,895.7 ns",1.00,0.01,0 B,NA
Ipnsort,Job-NLLXEQ,False,Default,Default,Default,Default,Default,Default,11111111111111111111111111111111,Empty,RyuJit,Default,X64,8c5e7fda-e8bf-4a96-9a85-a6e23a8c635c,.NET 10.0,False,True,False,False,Default,Default,False,False,False,Default,Default,Default,Default,Default,Default,Default,Default,Default,Default,Default,Default,Default,Default,Default,Default,Default,16,Default,RandomD20,100000,"367,626.0 ns",884.83 ns,738.88 ns,"368,219.7 ns",0.25,0.00,0 B,NA
ArraySort_Generic,Job-NLLXEQ,False,Default,Default,Default,Default,Default,Default,11111111111111111111111111111111,Empty,RyuJit,Default,X64,8c5e7fda-e8bf-4a96-9a85-a6e23a8c635c,.NET 10.0,False,True,False,False,Default,Default,False,False,False,Default,Default,Default,Default,Default,Default,Default,Default,Default,Default,Default,Default,Default,Default,Default,Default,Default,16,Default,RandomP5,1000,"4,101.4 ns",3.69 ns,3.27 ns,"4,106.0 ns",1.00,0.00,0 B,NA
Ipnsort,Job-NLLXEQ,False,Default,Default,Default,Default,Default,Default,11111111111111111111111111111111,Empty,RyuJit,Default,X64,8c5e7fda-e8bf-4a96-9a85-a6e23a8c635c,.NET 10.0,False,True,False,False,Default,Default,False,False,False,Default,Default,Default,Default,Default,Default,Default,Default,Default,Default,Default,Default,Default,Default,Default,Default,Default,16,Default,RandomP5,1000,"1,506.9 ns",0.65 ns,0.58 ns,"1,507.4 ns",0.37,0.00,0 B,NA
ArraySort_Generic,Job-NLLXEQ,False,Default,Default,Default,Default,Default,Default,11111111111111111111111111111111,Empty,RyuJit,Default,X64,8c5e7fda-e8bf-4a96-9a85-a6e23a8c635c,.NET 10.0,False,True,False,False,Default,Default,False,False,False,Default,Default,Default,Default,Default,Default,Default,Default,Default,Default,Default,Default,Default,Default,Default,Default,Default,16,Default,RandomP5,100000,"652,825.6 ns","1,556.33 ns","1,299.60 ns","654,414.7 ns",1.00,0.00,0 B,NA
Ipnsort,Job-NLLXEQ,False,Default,Default,Default,Default,Default,Default,11111111111111111111111111111111,Empty,RyuJit,Default,X64,8c5e7fda-e8bf-4a96-9a85-a6e23a8c635c,.NET 10.0,False,True,False,False,Default,Default,False,False,False,Default,Default,Default,Default,Default,Default,Default,Default,Default,Default,Default,Default,Default,Default,Default,Default,Default,16,Default,RandomP5,100000,"177,023.9 ns",255.69 ns,226.67 ns,"177,311.0 ns",0.27,0.00,0 B,NA
ArraySort_Generic,Job-NLLXEQ,False,Default,Default,Default,Default,Default,Default,11111111111111111111111111111111,Empty,RyuJit,Default,X64,8c5e7fda-e8bf-4a96-9a85-a6e23a8c635c,.NET 10.0,False,True,False,False,Default,Default,False,False,False,Default,Default,Default,Default,Default,Default,Default,Default,Default,Default,Default,Default,Default,Default,Default,Default,Default,16,Default,RandomS95,1000,"8,889.7 ns",12.94 ns,12.11 ns,"8,902.1 ns",1.00,0.00,0 B,NA
Ipnsort,Job-NLLXEQ,False,Default,Default,Default,Default,Default,Default,11111111111111111111111111111111,Empty,RyuJit,Default,X64,8c5e7fda-e8bf-4a96-9a85-a6e23a8c635c,.NET 10.0,False,True,False,False,Default,Default,False,False,False,Default,Default,Default,Default,Default,Default,Default,Default,Default,Default,Default,Default,Default,Default,Default,Default,Default,16,Default,RandomS95,1000,"7,294.1 ns",71.46 ns,66.84 ns,"7,379.3 ns",0.82,0.01,0 B,NA
ArraySort_Generic,Job-NLLXEQ,False,Default,Default,Default,Default,Default,Default,11111111111111111111111111111111,Empty,RyuJit,Default,X64,8c5e7fda-e8bf-4a96-9a85-a6e23a8c635c,.NET 10.0,False,True,False,False,Default,Default,False,False,False,Default,Default,Default,Default,Default,Default,Default,Default,Default,Default,Default,Default,Default,Default,Default,Default,Default,16,Default,RandomS95,100000,"1,291,195.0 ns","3,449.06 ns","3,057.50 ns","1,295,636.9 ns",1.00,0.00,0 B,NA
Ipnsort,Job-NLLXEQ,False,Default,Default,Default,Default,Default,Default,11111111111111111111111111111111,Empty,RyuJit,Default,X64,8c5e7fda-e8bf-4a96-9a85-a6e23a8c635c,.NET 10.0,False,True,False,False,Default,Default,False,False,False,Default,Default,Default,Default,Default,Default,Default,Default,Default,Default,Default,Default,Default,Default,Default,Default,Default,16,Default,RandomS95,100000,"1,249,163.7 ns","4,059.26 ns","3,389.67 ns","1,253,427.0 ns",0.97,0.00,0 B,NA
ArraySort_Generic,Job-NLLXEQ,False,Default,Default,Default,Default,Default,Default,11111111111111111111111111111111,Empty,RyuJit,Default,X64,8c5e7fda-e8bf-4a96-9a85-a6e23a8c635c,.NET 10.0,False,True,False,False,Default,Default,False,False,False,Default,Default,Default,Default,Default,Default,Default,Default,Default,Default,Default,Default,Default,Default,Default,Default,Default,16,Default,Zipfian,1000,"17,881.2 ns",269.18 ns,251.79 ns,"18,217.9 ns",1.00,0.02,0 B,NA
Ipnsort,Job-NLLXEQ,False,Default,Default,Default,Default,Default,Default,11111111111111111111111111111111,Empty,RyuJit,Default,X64,8c5e7fda-e8bf-4a96-9a85-a6e23a8c635c,.NET 10.0,False,True,False,False,Default,Default,False,False,False,Default,Default,Default,Default,Default,Default,Default,Default,Default,Default,Default,Default,Default,Default,Default,Default,Default,16,Default,Zipfian,1000,"6,721.5 ns",76.50 ns,67.82 ns,"6,804.4 ns",0.38,0.01,0 B,NA
ArraySort_Generic,Job-NLLXEQ,False,Default,Default,Default,Default,Default,Default,11111111111111111111111111111111,Empty,RyuJit,Default,X64,8c5e7fda-e8bf-4a96-9a85-a6e23a8c635c,.NET 10.0,False,True,False,False,Default,Default,False,False,False,Default,Default,Default,Default,Default,Default,Default,Default,Default,Default,Default,Default,Default,Default,Default,Default,Default,16,Default,Zipfian,100000,"2,681,632.8 ns","46,815.69 ns","43,791.42 ns","2,748,916.7 ns",1.00,0.02,0 B,NA
Ipnsort,Job-NLLXEQ,False,Default,Default,Default,Default,Default,Default,11111111111111111111111111111111,Empty,RyuJit,Default,X64,8c5e7fda-e8bf-4a96-9a85-a6e23a8c635c,.NET 10.0,False,True,False,False,Default,Default,False,False,False,Default,Default,Default,Default,Default,Default,Default,Default,Default,Default,Default,Default,Default,Default,Default,Default,Default,16,Default,Zipfian,100000,"1,021,273.3 ns","9,744.22 ns","8,637.99 ns","1,033,407.6 ns",0.38,0.01,0 B,NA
ArraySort_Generic,Job-NLLXEQ,False,Default,Default,Default,Default,Default,Default,11111111111111111111111111111111,Empty,RyuJit,Default,X64,8c5e7fda-e8bf-4a96-9a85-a6e23a8c635c,.NET 10.0,False,True,False,False,Default,Default,False,False,False,Default,Default,Default,Default,Default,Default,Default,Default,Default,Default,Default,Default,Default,Default,Default,Default,Default,16,Default,AllEqual,1000,"2,593.2 ns",16.40 ns,15.34 ns,"2,611.3 ns",1.00,0.01,0 B,NA
Ipnsort,Job-NLLXEQ,False,Default,Default,Default,Default,Default,Default,11111111111111111111111111111111,Empty,RyuJit,Default,X64,8c5e7fda-e8bf-4a96-9a85-a6e23a8c635c,.NET 10.0,False,True,False,False,Default,Default,False,False,False,Default,Default,Default,Default,Default,Default,Default,Default,Default,Default,Default,Default,Default,Default,Default,Default,Default,16,Default,AllEqual,1000,249.7 ns,3.45 ns,3.23 ns,254.1 ns,0.10,0.00,0 B,NA
ArraySort_Generic,Job-NLLXEQ,False,Default,Default,Default,Default,Default,Default,11111111111111111111111111111111,Empty,RyuJit,Default,X64,8c5e7fda-e8bf-4a96-9a85-a6e23a8c635c,.NET 10.0,False,True,False,False,Default,Default,False,False,False,Default,Default,Default,Default,Default,Default,Default,Default,Default,Default,Default,Default,Default,Default,Default,Default,Default,16,Default,AllEqual,100000,"415,480.8 ns","8,073.91 ns","11,834.63 ns","432,452.8 ns",1.00,0.04,0 B,NA
Ipnsort,Job-NLLXEQ,False,Default,Default,Default,Default,Default,Default,11111111111111111111111111111111,Empty,RyuJit,Default,X64,8c5e7fda-e8bf-4a96-9a85-a6e23a8c635c,.NET 10.0,False,True,False,False,Default,Default,False,False,False,Default,Default,Default,Default,Default,Default,Default,Default,Default,Default,Default,Default,Default,Default,Default,Default,Default,16,Default,AllEqual,100000,"29,242.9 ns",79.71 ns,74.56 ns,"29,333.0 ns",0.07,0.00,0 B,NA
ArraySort_Generic,Job-NLLXEQ,False,Default,Default,Default,Default,Default,Default,11111111111111111111111111111111,Empty,RyuJit,Default,X64,8c5e7fda-e8bf-4a96-9a85-a6e23a8c635c,.NET 10.0,False,True,False,False,Default,Default,False,False,False,Default,Default,Default,Default,Default,Default,Default,Default,Default,Default,Default,Default,Default,Default,Default,Default,Default,16,Default,FewUnique,1000,"8,312.9 ns",8.19 ns,7.66 ns,"8,324.0 ns",1.00,0.00,0 B,NA
Ipnsort,Job-NLLXEQ,False,Default,Default,Default,Default,Default,Default,11111111111111111111111111111111,Empty,RyuJit,Default,X64,8c5e7fda-e8bf-4a96-9a85-a6e23a8c635c,.NET 10.0,False,True,False,False,Default,Default,False,False,False,Default,Default,Default,Default,Default,Default,Default,Default,Default,Default,Default,Default,Default,Default,Default,Default,Default,16,Default,FewUnique,1000,"2,673.1 ns",2.85 ns,2.53 ns,"2,676.8 ns",0.32,0.00,0 B,NA
ArraySort_Generic,Job-NLLXEQ,False,Default,Default,Default,Default,Default,Default,11111111111111111111111111111111,Empty,RyuJit,Default,X64,8c5e7fda-e8bf-4a96-9a85-a6e23a8c635c,.NET 10.0,False,True,False,False,Default,Default,False,False,False,Default,Default,Default,Default,Default,Default,Default,Default,Default,Default,Default,Default,Default,Default,Default,Default,Default,16,Default,FewUnique,100000,"966,952.8 ns","3,638.24 ns","3,038.09 ns","969,185.2 ns",1.00,0.00,0 B,NA
Ipnsort,Job-NLLXEQ,False,Default,Default,Default,Default,Default,Default,11111111111111111111111111111111,Empty,RyuJit,Default,X64,8c5e7fda-e8bf-4a96-9a85-a6e23a8c635c,.NET 10.0,False,True,False,False,Default,Default,False,False,False,Default,Default,Default,Default,Default,Default,Default,Default,Default,Default,Default,Default,Default,Default,Default,Default,Default,16,Default,FewUnique,100000,"258,118.2 ns",240.89 ns,213.55 ns,"258,387.5 ns",0.27,0.00,0 B,NA
ArraySort_Generic,Job-NLLXEQ,False,Default,Default,Default,Default,Default,Default,11111111111111111111111111111111,Empty,RyuJit,Default,X64,8c5e7fda-e8bf-4a96-9a85-a6e23a8c635c,.NET 10.0,False,True,False,False,Default,Default,False,False,False,Default,Default,Default,Default,Default,Default,Default,Default,Default,Default,Default,Default,Default,Default,Default,Default,Default,16,Default,RandomMerge,1000,"7,704.1 ns",28.05 ns,26.24 ns,"7,741.3 ns",1.00,0.00,0 B,NA
Ipnsort,Job-NLLXEQ,False,Default,Default,Default,Default,Default,Default,11111111111111111111111111111111,Empty,RyuJit,Default,X64,8c5e7fda-e8bf-4a96-9a85-a6e23a8c635c,.NET 10.0,False,True,False,False,Default,Default,False,False,False,Default,Default,Default,Default,Default,Default,Default,Default,Default,Default,Default,Default,Default,Default,Default,Default,Default,16,Default,RandomMerge,1000,"7,123.4 ns",4.64 ns,4.34 ns,"7,127.6 ns",0.92,0.00,0 B,NA
ArraySort_Generic,Job-NLLXEQ,False,Default,Default,Default,Default,Default,Default,11111111111111111111111111111111,Empty,RyuJit,Default,X64,8c5e7fda-e8bf-4a96-9a85-a6e23a8c635c,.NET 10.0,False,True,False,False,Default,Default,False,False,False,Default,Default,Default,Default,Default,Default,Default,Default,Default,Default,Default,Default,Default,Default,Default,Default,Default,16,Default,RandomMerge,100000,"1,075,787.9 ns","3,194.00 ns","2,987.67 ns","1,079,306.7 ns",1.00,0.00,0 B,NA
Ipnsort,Job-NLLXEQ,False,Default,Default,Default,Default,Default,Default,11111111111111111111111111111111,Empty,RyuJit,Default,X64,8c5e7fda-e8bf-4a96-9a85-a6e23a8c635c,.NET 10.0,False,True,False,False,Default,Default,False,False,False,Default,Default,Default,Default,Default,Default,Default,Default,Default,Default,Default,Default,Default,Default,Default,Default,Default,16,Default,RandomMerge,100000,"1,211,580.7 ns",690.13 ns,645.54 ns,"1,212,263.8 ns",1.13,0.00,0 B,NA
